{
    "sfw4wsefs": {
        "email": "cmseutloali@gmail.com",
        "password": "!4dLc!5g2vwig"
    },
    "qwe4we": {
        "email": "cmseutloali@gmail.com",
        "password": "(pp(9VeRB$(3ohC"
    },
    "ewdsed": {
        "email": "cmseutloali@gmail.com",
        "password": "U$o6XiVwC+9pp"
    },
    "ewqqew": {
        "email": "cmseutloali@gmail.com",
        "password": ")+0q4deAK8RtT"
    },
    "dewde": {
        "email": "cmseutloali@gmail.com",
        "password": "xy2)2PMT*X+K9G"
    },
    "face": {
        "email": "cmseutloali@gmail.com",
        "password": "!nht3(P2KHH(hh"
    }
}